ResellerKey;Business Type;Reseller;City;State-Province;Country-Region;UPN
277;Specialty Bike Shop;The Bicycle Accessories Company;Alhambra;California;United States;TheBicycleAccessoriesCompany@gmail.com
455;Value Added Reseller;Timely Shipping Service;Alpine;California;United States;TimelyShippingService@gmail.com
609;Value Added Reseller;Good Toys;Auburn;California;United States;GoodToys@gmail.com
492;Specialty Bike Shop;Basic Sports Equipment;Baldwin Park;California;United States;BasicSportsEquipment@gmail.com
365;Specialty Bike Shop;Distinctive Store;Barstow;California;United States;DistinctiveStore@gmail.com
168;Specialty Bike Shop;Economy Bikes Company;Bell Gardens;California;United States;EconomyBikesCompany@gmail.com
6;Warehouse;Aerobic Exercise Company;Camarillo;California;United States;AerobicExerciseCompany@gmail.com
402;Warehouse;Pro Sporting Goods;Camarillo;California;United States;ProSportingGoods@gmail.com
529;Warehouse;Big-Time Bike Store;Camarillo;California;United States;Big-TimeBikeStore@gmail.com
241;Specialty Bike Shop;Vale Riding Supplies;Canoga Park;California;United States;ValeRidingSupplies@gmail.com
167;Value Added Reseller;Farthermost Bike Shop;Carson;California;United States;FarthermostBikeShop@gmail.com
187;Warehouse;Trailblazing Sports;Cerritos;California;United States;TrailblazingSports@gmail.com
493;Warehouse;Valley Bicycle Distributors;Citrus Heights;California;United States;ValleyBicycleDistributors@gmail.com
366;Warehouse;Extended Bike Sales;City Of Commerce;California;United States;ExtendedBikeSales@gmail.com
312;Value Added Reseller;Resale Services;Culver City;California;United States;ResaleServices@gmail.com
151;Warehouse;Futuristic Bikes;Culver City;California;United States;FuturisticBikes@gmail.com
674;Specialty Bike Shop;Discount Tours;Daly City;California;United States;DiscountTours@gmail.com
329;Specialty Bike Shop;Unicycles, Bicycles, and Tricycles;Downey;California;United States;Unicycles,Bicycles,andTricycles@gmail.com
313;Specialty Bike Shop;Metropolitan Manufacturing;El Cajon;California;United States;MetropolitanManufacturing@gmail.com
25;Value Added Reseller;Coalition Bike Company;El Segundo;California;United States;CoalitionBikeCompany@gmail.com
131;Value Added Reseller;Eighth Bike Store;El Segundo;California;United States;EighthBikeStore@gmail.com
648;Value Added Reseller;Small Bike Shop;El Segundo;California;United States;SmallBikeShop@gmail.com
528;Specialty Bike Shop;Alpine Ski House;Elk Grove;California;United States;AlpineSkiHouse@gmail.com
257;Warehouse;Number 1 Supply;Escondido;California;United States;Number1Supply@gmail.com
474;Specialty Bike Shop;Retail Cycle Shop;Eureka;California;United States;RetailCycleShop@gmail.com
113;Value Added Reseller;Trendy Department Stores;Fontana;California;United States;TrendyDepartmentStores@gmail.com
5;Specialty Bike Shop;Metropolitan Sports Supply;Fremont;California;United States;MetropolitanSportsSupply@gmail.com
61;Value Added Reseller;Many Bikes Store;Fullerton;California;United States;ManyBikesStore@gmail.com
385;Value Added Reseller;Sturdy Toys;Gilroy;California;United States;SturdyToys@gmail.com
330;Warehouse;The New Bike Store;Hanford;California;United States;TheNewBikeStore@gmail.com
60;Warehouse;Main Bicycle Services;Hayward;California;United States;MainBicycleServices@gmail.com
456;Specialty Bike Shop;Riding Excursions;Irvine;California;United States;RidingExcursions@gmail.com
608;Warehouse;Golf and Cycle Store;La Mesa;California;United States;GolfandCycleStore@gmail.com
403;Value Added Reseller;Affordable Sports Equipment;Lake Elsinore;California;United States;AffordableSportsEquipment@gmail.com
275;Warehouse;Outdoor Sporting Goods;Lakewood;California;United States;OutdoorSportingGoods@gmail.com
41;Specialty Bike Shop;Distant Inn;Milpitas;California;United States;DistantInn@gmail.com
133;Warehouse;Commercial Sporting Goods;Modesto;California;United States;CommercialSportingGoods@gmail.com
491;Value Added Reseller;Area Bike Accessories;Modesto;California;United States;AreaBikeAccessories@gmail.com
203;Value Added Reseller;Separate Parts Corporation;Monrovia;California;United States;SeparatePartsCorporation@gmail.com
97;Value Added Reseller;Mountain Bike Center;Newark;California;United States;MountainBikeCenter@gmail.com
42;Warehouse;Healthy Activity Store;Newport Beach;California;United States;HealthyActivityStore@gmail.com
419;Specialty Bike Shop;Exertion Activities Club;Norwalk;California;United States;ExertionActivitiesClub@gmail.com
600;Value Added Reseller;Strenuous Exercise Shop;Norwalk;California;United States;StrenuousExerciseShop@gmail.com
331;Value Added Reseller;Technical Parts Manufacturing;Ontario;California;United States;TechnicalPartsManufacturing@gmail.com
78;Warehouse;Preferred Bikes;Ontario;California;United States;PreferredBikes@gmail.com
240;Value Added Reseller;Wire Baskets and Parts;Orange;California;United States;WireBasketsandParts@gmail.com
276;Value Added Reseller;Thrifty Parts and Sales;Oxnard;California;United States;ThriftyPartsandSales@gmail.com
295;Specialty Bike Shop;Engineered Bike Systems;Oxnard;California;United States;EngineeredBikeSystems@gmail.com
95;Specialty Bike Shop;Rural Department Store;Pleasanton;California;United States;RuralDepartmentStore@gmail.com
383;Specialty Bike Shop;Vehicle Shop;Redlands;California;United States;VehicleShop@gmail.com
258;Value Added Reseller;Quantity Discounts;Sacramento;California;United States;QuantityDiscounts@gmail.com
545;Value Added Reseller;Finish and Sealant Products;San Bruno;California;United States;FinishandSealantProducts@gmail.com
367;Value Added Reseller;Brown Bicycle Company;San Diego;California;United States;BrownBicycleCompany@gmail.com
77;Specialty Bike Shop;Mechanical Products Ltd.;San Diego;California;United States;MechanicalProductsLtd.@gmail.com
114;Specialty Bike Shop;Two Wheels Cycle Store;San Francisco;California;United States;TwoWheelsCycleStore@gmail.com
185;Value Added Reseller;Weekend Bike Tours;San Jose;California;United States;WeekendBikeTours@gmail.com
349;Value Added Reseller;Exercise Center;San Jose;California;United States;ExerciseCenter@gmail.com
511;Warehouse;Wheel Gallery;San Mateo;California;United States;WheelGallery@gmail.com
23;Specialty Bike Shop;Bike World;San Ramon;California;United States;BikeWorld@gmail.com
384;Warehouse;Sparkling Paint and Finishes;San Ysidro;California;United States;SparklingPaintandFinishes@gmail.com
599;Warehouse;Westside Plaza;Sand City;California;United States;WestsidePlaza@gmail.com
649;Specialty Bike Shop;Sports Products Store;Santa Ana;California;United States;SportsProductsStore@gmail.com
96;Warehouse;More Bikes!;Santa Ana;California;United States;MoreBikes!@gmail.com
239;Warehouse;Bicycle Merchandise Warehouse;Santa Monica;California;United States;BicycleMerchandiseWarehouse@gmail.com
420;Warehouse;Extreme Riding Supplies;Sherman Oaks;California;United States;ExtremeRidingSupplies@gmail.com
259;Specialty Bike Shop;Highway Bike Shop;Simi Valley;California;United States;HighwayBikeShop@gmail.com
150;Specialty Bike Shop;Fleet Bikes;Stockton;California;United States;FleetBikes@gmail.com
204;Specialty Bike Shop;Traction Tire Company;Torrance;California;United States;TractionTireCompany@gmail.com
510;Specialty Bike Shop;World Bike Discount Store;Trabuco Canyon;California;United States;WorldBikeDiscountStore@gmail.com
24;Warehouse;Eastside Department Store;Union City;California;United States;EastsideDepartmentStore@gmail.com
311;Warehouse;Principal Bike Company;Upland;California;United States;PrincipalBikeCompany@gmail.com
347;Specialty Bike Shop;Bike Universe;Vacaville;California;United States;BikeUniverse@gmail.com
582;Value Added Reseller;Professional Sales and Service;Van Nuys;California;United States;ProfessionalSalesandService@gmail.com
59;Specialty Bike Shop;Locks Company;Visalia;California;United States;LocksCompany@gmail.com
294;Value Added Reseller;Flawless Bike Shop;Vista;California;United States;FlawlessBikeShop@gmail.com
565;Specialty Bike Shop;Metallic Paint and Overcoat Co;Vista;California;United States;MetallicPaintandOvercoatCo@gmail.com
547;Specialty Bike Shop;Curbside Sporting Goods;Walnut Creek;California;United States;CurbsideSportingGoods@gmail.com
421;Value Added Reseller;Fitness Cycling;Whittier;California;United States;FitnessCycling@gmail.com
296;Warehouse;Extreme Toy Store;Birmingham;Alabama;United States;ExtremeToyStore@gmail.com
224;Warehouse;Pedal Systems Company;Florence;Alabama;United States;PedalSystemsCompany@gmail.com
44;Specialty Bike Shop;Games and Sport Supply Company;Huntsville;Alabama;United States;GamesandSportSupplyCompany@gmail.com
387;Warehouse;Racing Association;Huntsville;Alabama;United States;RacingAssociation@gmail.com
189;Specialty Bike Shop;Principal Bicycle Supply;Mobile;Alabama;United States;PrincipalBicycleSupply@gmail.com
332;Specialty Bike Shop;Topnotch Bikes;Montgomery;Alabama;United States;TopnotchBikes@gmail.com
205;Warehouse;Rally Master Company Inc;Chandler;Arizona;United States;RallyMasterCompanyInc@gmail.com
625;Specialty Bike Shop;Major Sporting Goods;Chandler;Arizona;United States;MajorSportingGoods@gmail.com
563;Warehouse;Systematic Sales;Gilbert;Arizona;United States;SystematicSales@gmail.com
457;Warehouse;Retail Sporting Equipment;Mesa;Arizona;United States;RetailSportingEquipment@gmail.com
473;Value Added Reseller;Racing Toys;Phoenix;Arizona;United States;RacingToys@gmail.com
437;Value Added Reseller;Professional Cycle Store;Phoenix;Arizona;United States;ProfessionalCycleStore@gmail.com
475;Warehouse;Real Sporting Goods;Phoenix;Arizona;United States;RealSportingGoods@gmail.com
624;Value Added Reseller;First Cycle Store;Scottsdale;Arizona;United States;FirstCycleStore@gmail.com
610;Specialty Bike Shop;Fitness Department Stores;Scottsdale;Arizona;United States;FitnessDepartmentStores@gmail.com
583;Specialty Bike Shop;Professional Containers and Packaging Co.;Surprise;Arizona;United States;ProfessionalContainersandPackagingCo.@gmail.com
509;Value Added Reseller;Fun Toys and Bikes;Tucson;Arizona;United States;FunToysandBikes@gmail.com
439;Warehouse;Regional Manufacturing;Tucson;Arizona;United States;RegionalManufacturing@gmail.com
222;Value Added Reseller;Sample Bike Store;Denver;Colorado;United States;SampleBikeStore@gmail.com
223;Specialty Bike Shop;Paints and Solvents Company;Englewood;Colorado;United States;PaintsandSolventsCompany@gmail.com
79;Value Added Reseller;Reasonable Bicycle Sales;Greeley;Colorado;United States;ReasonableBicycleSales@gmail.com
523;Warehouse;Futuristic Sport Distributors;Longmont;Colorado;United States;FuturisticSportDistributors@gmail.com
546;Value Added Reseller;Field Trip Store;Loveland;Colorado;United States;FieldTripStore@gmail.com
348;Warehouse;Bold Bike Accessories;Loveland;Colorado;United States;BoldBikeAccessories@gmail.com
527;Value Added Reseller;Fun Times Club;Parker;Colorado;United States;FunTimesClub@gmail.com
132;Specialty Bike Shop;Another Sporting Goods Company;Westminster;Colorado;United States;AnotherSportingGoodsCompany@gmail.com
149;Value Added Reseller;Initial Bike Company;Westminster;Colorado;United States;InitialBikeCompany@gmail.com
143;Value Added Reseller;Modern Bike Store;East Haven;Connecticut;United States;ModernBikeStore@gmail.com
71;Specialty Bike Shop;Outdoor Distributors;Farmington;Connecticut;United States;OutdoorDistributors@gmail.com
251;Warehouse;Endurance Bikes;Hamden;Connecticut;United States;EnduranceBikes@gmail.com
252;Value Added Reseller;Classic Cycle Store;Milford;Connecticut;United States;ClassicCycleStore@gmail.com
684;Warehouse;Lease-a-Bike Shop;Milford;Connecticut;United States;Lease-a-BikeShop@gmail.com
691;Value Added Reseller;Mountain Bike Store;New Haven;Connecticut;United States;MountainBikeStore@gmail.com
125;Value Added Reseller;Immediate Repair Shop;Stamford;Connecticut;United States;ImmediateRepairShop@gmail.com
216;Specialty Bike Shop;Painters Bicycle Specialists;Waterbury;Connecticut;United States;PaintersBicycleSpecialists@gmail.com
215;Value Added Reseller;Eleventh Bike Store;Westport;Connecticut;United States;EleventhBikeStore@gmail.com
261;Value Added Reseller;Functional Store North;Altamonte Springs;Florida;United States;FunctionalStoreNorth@gmail.com
611;Warehouse;Front Runner Bikes;Bradenton;Florida;United States;FrontRunnerBikes@gmail.com
153;Specialty Bike Shop;Widget Bicycle Specialists;Clearwater;Florida;United States;WidgetBicycleSpecialists@gmail.com
549;Value Added Reseller;Daring Rides;Clearwater;Florida;United States;DaringRides@gmail.com
458;Value Added Reseller;Simple Bike Parts;Destin;Florida;United States;SimpleBikeParts@gmail.com
612;Value Added Reseller;General Associates;Hollywood;Florida;United States;GeneralAssociates@gmail.com
243;Value Added Reseller;Recreation Supplies;Kendall;Florida;United States;RecreationSupplies@gmail.com
495;Specialty Bike Shop;Tough and Reliable Parts;Lakeland;Florida;United States;ToughandReliableParts@gmail.com
315;Value Added Reseller;Juvenile Sports Equipment;Merritt Island;Florida;United States;JuvenileSportsEquipment@gmail.com
494;Value Added Reseller;Worthwhile Activity Store;Miami;Florida;United States;WorthwhileActivityStore@gmail.com
242;Warehouse;Spoke Manufacturers;Miami;Florida;United States;SpokeManufacturers@gmail.com
260;Warehouse;Industrial Supplies;Miami;Florida;United States;IndustrialSupplies@gmail.com
188;Value Added Reseller;Variety Bike Outlet;Miami;Florida;United States;VarietyBikeOutlet@gmail.com
81;Warehouse;Rally Day Mall;Miami;Florida;United States;RallyDayMall@gmail.com
98;Specialty Bike Shop;Superlative Bikes;Miami;Florida;United States;SuperlativeBikes@gmail.com
26;Specialty Bike Shop;Stylish Department Stores;Miami;Florida;United States;StylishDepartmentStores@gmail.com
8;Specialty Bike Shop;Exemplary Cycles;Miami;Florida;United States;ExemplaryCycles@gmail.com
603;Value Added Reseller;Retail Toy Store;Miami;Florida;United States;RetailToyStore@gmail.com
628;Specialty Bike Shop;Executive Discount Store;Miami;Florida;United States;ExecutiveDiscountStore@gmail.com
675;Warehouse;Bike Goods;North Miami Beach;Florida;United States;BikeGoods@gmail.com
278;Warehouse;Tread Industries;Orlando;Florida;United States;TreadIndustries@gmail.com
440;Value Added Reseller;Hobby Store;Orlando;Florida;United States;HobbyStore@gmail.com
530;Value Added Reseller;Valuable Bike Parts Company;Orlando;Florida;United States;ValuableBikePartsCompany@gmail.com
99;Warehouse;Unified Sports Company;Sarasota;Florida;United States;UnifiedSportsCompany@gmail.com
80;Specialty Bike Shop;Racks and Security Systems;Sunrise;Florida;United States;RacksandSecuritySystems@gmail.com
477;Specialty Bike Shop;Quitting Business Distributors;Tampa;Florida;United States;QuittingBusinessDistributors@gmail.com
531;Specialty Bike Shop;Sunny Place Bikes;Vero Beach;Florida;United States;SunnyPlaceBikes@gmail.com
116;Value Added Reseller;Retirement Activities Association;Atlanta;Georgia;United States;RetirementActivitiesAssociation@gmail.com
651;Value Added Reseller;Retread Tire Company;Augusta;Georgia;United States;RetreadTireCompany@gmail.com
676;Value Added Reseller;Better Bike Shop;Austell;Georgia;United States;BetterBikeShop@gmail.com
525;Specialty Bike Shop;Cycles and Scooters;Byron;Georgia;United States;CyclesandScooters@gmail.com
152;Value Added Reseller;Distance Bikes;Clarkston;Georgia;United States;DistanceBikes@gmail.com
476;Value Added Reseller;Noiseless Gear Company;Columbus;Georgia;United States;NoiselessGearCompany@gmail.com
368;Specialty Bike Shop;Elemental Sporting Goods;Decatur;Georgia;United States;ElementalSportingGoods@gmail.com
459;Specialty Bike Shop;Parts Shop;La Grange;Georgia;United States;PartsShop@gmail.com
652;Specialty Bike Shop;Selected Distributors;Marietta;Georgia;United States;SelectedDistributors@gmail.com
351;Warehouse;Acclaimed Bicycle Company;Mcdonough;Georgia;United States;AcclaimedBicycleCompany@gmail.com
171;Specialty Bike Shop;Eighty Toy Stores;Mcdonough;Georgia;United States;EightyToyStores@gmail.com
584;Warehouse;Qualified Sales and Repair Services;Savannah;Georgia;United States;QualifiedSalesandRepairServices@gmail.com
117;Specialty Bike Shop;Pedals Warehouse;Suwanee;Georgia;United States;PedalsWarehouse@gmail.com
110;Value Added Reseller;Vintage Sport Boutique;Idaho Falls;Idaho;United States;VintageSportBoutique@gmail.com
488;Value Added Reseller;Bicycle Accessories and Kits;Lewiston;Idaho;United States;BicycleAccessoriesandKits@gmail.com
398;Specialty Bike Shop;Commendable Bikes;Sandpoint;Idaho;United States;CommendableBikes@gmail.com
148;Warehouse;Lots of Bikes Storehouse;Carol Stream;Illinois;United States;LotsofBikesStorehouse@gmail.com
147;Specialty Bike Shop;Local Hardware Factory;Chicago;Illinois;United States;LocalHardwareFactory@gmail.com
183;Specialty Bike Shop;This Area Sporting Goods;Chicago;Illinois;United States;ThisAreaSportingGoods@gmail.com
237;Value Added Reseller;Client Discount Store;Chicago;Illinois;United States;ClientDiscountStore@gmail.com
219;Value Added Reseller;Extras Sporting Goods;Chicago;Illinois;United States;ExtrasSportingGoods@gmail.com
58;Value Added Reseller;Largest Bike Store;Chicago;Illinois;United States;LargestBikeStore@gmail.com
111;Specialty Bike Shop;Westside Cycle Store;Elgin;Illinois;United States;WestsideCycleStore@gmail.com
400;Value Added Reseller;Local Sales and Rental;Joliet;Illinois;United States;LocalSalesandRental@gmail.com
346;Value Added Reseller;Great Bicycle Supply;Moline;Illinois;United States;GreatBicycleSupply@gmail.com
472;Warehouse;Summer Sports Place;Norridge;Illinois;United States;SummerSportsPlace@gmail.com
310;Specialty Bike Shop;Orange Bicycle Company;Peoria;Illinois;United States;OrangeBicycleCompany@gmail.com
622;Specialty Bike Shop;Gift and Toy Store;Tuscola;Illinois;United States;GiftandToyStore@gmail.com
57;Warehouse;Leading Sales & Repair;West Chicago;Illinois;United States;LeadingSales&Repair@gmail.com
129;Specialty Bike Shop;Discount Bicycle Specialists;Wood Dale;Illinois;United States;DiscountBicycleSpecialists@gmail.com
76;Value Added Reseller;Out-of-the-Way Hotels;Wood Dale;Illinois;United States;Out-of-the-WayHotels@gmail.com
414;Warehouse;Grand Discount Store;Daleville;Indiana;United States;GrandDiscountStore@gmail.com
161;Value Added Reseller;Weekend Tours;Fort Wayne;Indiana;United States;WeekendTours@gmail.com
234;Value Added Reseller;Eastside Sporting Goods;Indianapolis;Indiana;United States;EastsideSportingGoods@gmail.com
432;Warehouse;Super Sports Store;Indianapolis;Indiana;United States;SuperSportsStore@gmail.com
342;Warehouse;Leather and Vinyl Manufacturing;Indianapolis;Indiana;United States;LeatherandVinylManufacturing@gmail.com
636;Value Added Reseller;Recreation Systems;Logansport;Indiana;United States;RecreationSystems@gmail.com
305;Warehouse;Professional Sporting Goods;Michigan City;Indiana;United States;ProfessionalSportingGoods@gmail.com
396;Warehouse;Executive Gift Store;New Castle;Indiana;United States;ExecutiveGiftStore@gmail.com
36;Warehouse;Exotic Bikes;South Bend;Indiana;United States;ExoticBikes@gmail.com
225;Value Added Reseller;Optimal Bikes;Campbellsville;Kentucky;United States;OptimalBikes@gmail.com
369;Warehouse;Distinctive Cycles Sales & Service;Florence;Kentucky;United States;DistinctiveCyclesSales&Service@gmail.com
513;Specialty Bike Shop;Village Tours;Newport;Kentucky;United States;VillageTours@gmail.com
297;Value Added Reseller;Blue-Ribbon Bike Company;Saint Matthews;Kentucky;United States;Blue-RibbonBikeCompany@gmail.com
441;Specialty Bike Shop;Leading Bike Distributors;Somerset;Kentucky;United States;LeadingBikeDistributors@gmail.com
486;Specialty Bike Shop;Convenient Bike Shop;Braintree;Massachusetts;United States;ConvenientBikeShop@gmail.com
53;Specialty Bike Shop;Incomparable Bicycle Store;Norwood;Massachusetts;United States;IncomparableBicycleStore@gmail.com
107;Specialty Bike Shop;Wholesale Bikes;Randolph;Massachusetts;United States;WholesaleBikes@gmail.com
450;Specialty Bike Shop;Bikes Anyone?;Saugus;Massachusetts;United States;BikesAnyone?@gmail.com
557;Warehouse;Purchase Mart;Wrentham;Massachusetts;United States;PurchaseMart@gmail.com
108;Warehouse;Wheelsets Storehouse;Kittery;Maine;United States;WheelsetsStorehouse@gmail.com
642;Value Added Reseller;Fitness Sport Boutique;Kittery;Maine;United States;FitnessSportBoutique@gmail.com
323;Warehouse;Metro Bike Works;Detroit;Michigan;United States;MetroBikeWorks@gmail.com
431;Specialty Bike Shop;Small Cycle Store;Holland;Michigan;United States;SmallCycleStore@gmail.com
660;Warehouse;Exhilarating Cycles;Howell;Michigan;United States;ExhilaratingCycles@gmail.com
287;Warehouse;Handy Bike Services;Madison Heights;Michigan;United States;HandyBikeServices@gmail.com
395;Specialty Bike Shop;Online Bike Sellers;Midland;Michigan;United States;OnlineBikeSellers@gmail.com
468;Specialty Bike Shop;Blue Bicycle Company;Monroe;Michigan;United States;BlueBicycleCompany@gmail.com
197;Value Added Reseller;Fabrikam Inc., West;Novi;Michigan;United States;FabrikamInc.,West@gmail.com
180;Specialty Bike Shop;Full-Service Bike Store;Pontiac;Michigan;United States;Full-ServiceBikeStore@gmail.com
643;Specialty Bike Shop;Friendly Bike Shop;Port Huron;Michigan;United States;FriendlyBikeShop@gmail.com
504;Specialty Bike Shop;Historic Bicycle Sales;Redford;Michigan;United States;HistoricBicycleSales@gmail.com
377;Specialty Bike Shop;Grand Sport Boutique;Saginaw;Michigan;United States;GrandSportBoutique@gmail.com
360;Warehouse;Novelty Bikes;Saginaw;Michigan;United States;NoveltyBikes@gmail.com
198;Specialty Bike Shop;Field Trip Inc;Southfield;Michigan;United States;FieldTripInc@gmail.com
306;Value Added Reseller;Work and Play Association;Southgate;Michigan;United States;WorkandPlayAssociation@gmail.com
288;Value Added Reseller;Kickstand Sellers;Westland;Michigan;United States;KickstandSellers@gmail.com
18;Warehouse;Catalog Store;Zeeland;Michigan;United States;CatalogStore@gmail.com
579;Value Added Reseller;Riders Company;Branch;Minnesota;United States;RidersCompany@gmail.com
274;Specialty Bike Shop;Active Systems;Duluth;Minnesota;United States;ActiveSystems@gmail.com
39;Warehouse;Fitness Hotel;Edina;Minnesota;United States;FitnessHotel@gmail.com
694;Value Added Reseller;The Accessories Store;Medford;Minnesota;United States;TheAccessoriesStore@gmail.com
623;Warehouse;Hardware Components;Minneapolis;Minnesota;United States;HardwareComponents@gmail.com
562;Specialty Bike Shop;Practical Bike Supply Company;Woodbury;Minnesota;United States;PracticalBikeSupplyCompany@gmail.com
598;Specialty Bike Shop;Black Bicycle Company;Branson;Missouri;United States;BlackBicycleCompany@gmail.com
364;Value Added Reseller;District Mall;Ferguson;Missouri;United States;DistrictMall@gmail.com
238;Specialty Bike Shop;A Great Bicycle Company;Jefferson City;Missouri;United States;AGreatBicycleCompany@gmail.com
544;Warehouse;Valley Bicycle Specialists;Kansas City;Missouri;United States;ValleyBicycleSpecialists@gmail.com
695;Specialty Bike Shop;Responsible Bike Dealers;Kansas City;Missouri;United States;ResponsibleBikeDealers@gmail.com
670;Value Added Reseller;First Bike Store;Odessa;Missouri;United States;FirstBikeStore@gmail.com
363;Warehouse;Immense Manufacturing Company;Saint Ann;Missouri;United States;ImmenseManufacturingCompany@gmail.com
327;Value Added Reseller;World of Bikes;Saint Louis;Missouri;United States;WorldofBikes@gmail.com
381;Warehouse;Bicycle Lines Distributors;Saint Louis;Missouri;United States;BicycleLinesDistributors@gmail.com
220;Specialty Bike Shop;Best o' Bikes;Saint Louis;Missouri;United States;Besto'Bikes@gmail.com
646;Specialty Bike Shop;Yellow Bicycle Company;Saint Louis;Missouri;United States;YellowBicycleCompany@gmail.com
423;Warehouse;Bike Rims Company;Biloxi;Mississippi;United States;BikeRimsCompany@gmail.com
566;Warehouse;eCommerce Bikes;Gulfport;Mississippi;United States;eCommerceBikes@gmail.com
314;Warehouse;One-Piece Handle Bars;Tupelo;Mississippi;United States;One-PieceHandleBars@gmail.com
38;Specialty Bike Shop;Finer Mart;Billings;Montana;United States;FinerMart@gmail.com
541;Warehouse;Nonskid Tire Company;Great Falls;Montana;United States;NonskidTireCompany@gmail.com
434;Specialty Bike Shop;Road-Way Mart;Missoula;Montana;United States;Road-WayMart@gmail.com
700;Value Added Reseller;Underglaze and Finish Company;Charlotte;North Carolina;United States;UnderglazeandFinishCompany@gmail.com
63;Warehouse;Metro Bike Mart;Greensboro;North Carolina;United States;MetroBikeMart@gmail.com
699;Warehouse;Sensational Discount Store;Kannapolis;North Carolina;United States;SensationalDiscountStore@gmail.com
627;Value Added Reseller;Exchange Parts Inc.;Raleigh;North Carolina;United States;ExchangePartsInc.@gmail.com
207;Specialty Bike Shop;Lubricant and Grease Suppliers;Rocky Mount;North Carolina;United States;LubricantandGreaseSuppliers@gmail.com
524;Value Added Reseller;Chain and Chain Tool Distributions;Smithfield;North Carolina;United States;ChainandChainToolDistributions@gmail.com
206;Value Added Reseller;New and Used Bicycles;Winston-Salem;North Carolina;United States;NewandUsedBicycles@gmail.com
503;Value Added Reseller;Metropolitan Sales and Rental;Hooksett;New Hampshire;United States;MetropolitanSalesandRental@gmail.com
72;Warehouse;Outdoor Equipment Store;Nashua;New Hampshire;United States;OutdoorEquipmentStore@gmail.com
594;Value Added Reseller;Casual Bicycle Store;Nashua;New Hampshire;United States;CasualBicycleStore@gmail.com
618;Value Added Reseller;Seventh Bike Store;Plaistow;New Hampshire;United States;SeventhBikeStore@gmail.com
558;Value Added Reseller;Retail Sales and Service;Tilton;New Hampshire;United States;RetailSalesandService@gmail.com
221;Warehouse;Bike Dealers Association;Las Cruces;New Mexico;United States;BikeDealersAssociation@gmail.com
581;Warehouse;Safe Toys;Rio Rancho;New Mexico;United States;SafeToys@gmail.com
186;Specialty Bike Shop;Thrilling Bike Tours;Santa Fe;New Mexico;United States;ThrillingBikeTours@gmail.com
169;Warehouse;Downtown Hotel;Fernley;Nevada;United States;DowntownHotel@gmail.com
438;Specialty Bike Shop;Remarkable Bike Store;Las Vegas;Nevada;United States;RemarkableBikeStore@gmail.com
401;Specialty Bike Shop;Brightwork Company;Las Vegas;Nevada;United States;BrightworkCompany@gmail.com
626;Warehouse;Retail Sporting Goods;Las Vegas;Nevada;United States;RetailSportingGoods@gmail.com
564;Value Added Reseller;Imported and Domestic Cycles;North Las Vegas;Nevada;United States;ImportedandDomesticCycles@gmail.com
650;Warehouse;Permanent Finish Products;Reno;Nevada;United States;PermanentFinishProducts@gmail.com
115;Warehouse;Security Racks and Locks Wholesalers;Sparks;Nevada;United States;SecurityRacksandLocksWholesalers@gmail.com
413;Specialty Bike Shop;Margie's Travel;Central Valley;New York;United States;Margie'sTravel@gmail.com
522;Specialty Bike Shop;Small Bike Accessories Shop;Cheektowaga;New York;United States;SmallBikeAccessoriesShop@gmail.com
341;Specialty Bike Shop;Independent Outlet;Clay;New York;United States;IndependentOutlet@gmail.com
324;Value Added Reseller;A Bicycle Association;De Witt;New York;United States;ABicycleAssociation@gmail.com
126;Specialty Bike Shop;Famous Bike Sales and Service;Endicott;New York;United States;FamousBikeSalesandService@gmail.com
619;Specialty Bike Shop;Strong Metal Manufacturing;Ithaca;New York;United States;StrongMetalManufacturing@gmail.com
539;Value Added Reseller;Glossy Bikes;Lake George;New York;United States;GlossyBikes@gmail.com
54;Warehouse;Larger Cycle Shop;Melville;New York;United States;LargerCycleShop@gmail.com
233;Warehouse;Fashionable Department Stores;New Hartford;New York;United States;FashionableDepartmentStores@gmail.com
144;Specialty Bike Shop;Only Bikes and Accessories;New York;New York;United States;OnlyBikesandAccessories@gmail.com
667;Value Added Reseller;Traditional Department Stores;Valley Stream;New York;United States;TraditionalDepartmentStores@gmail.com
540;Specialty Bike Shop;Guaranteed Sales and Service;Burbank;Ohio;United States;GuaranteedSalesandService@gmail.com
575;Warehouse;Bicycle Outfitters;Cincinnati;Ohio;United States;BicycleOutfitters@gmail.com
359;Specialty Bike Shop;Mechanical Sports Center;Cincinnati;Ohio;United States;MechanicalSportsCenter@gmail.com
666;Warehouse;Bike Boutique;Columbus;Ohio;United States;BikeBoutique@gmail.com
269;Warehouse;Curbside Universe;Euclid;Ohio;United States;CurbsideUniverse@gmail.com
690;Warehouse;Active Cycling;Heath;Ohio;United States;ActiveCycling@gmail.com
593;Warehouse;Expert Sports Store;Holland;Ohio;United States;ExpertSportsStore@gmail.com
576;Value Added Reseller;The Bike Mechanics;Mansfield;Ohio;United States;TheBikeMechanics@gmail.com
179;Value Added Reseller;Fourth Bike Store;Mentor;Ohio;United States;FourthBikeStore@gmail.com
270;Value Added Reseller;Active Transport Inc.;North Randall;Ohio;United States;ActiveTransportInc.@gmail.com
89;Specialty Bike Shop;Riverside Company;Oberlin;Ohio;United States;RiversideCompany@gmail.com
378;Warehouse;Grown-up Bike Store;Springdale;Ohio;United States;Grown-upBikeStore@gmail.com
452;Value Added Reseller;A Cycle Shop;Albany;Oregon;United States;ACycleShop@gmail.com
595;Specialty Bike Shop;Cycle Clearance;Albany;Oregon;United States;CycleClearance@gmail.com
645;Value Added Reseller;Superior Hardware Distributors;Beaverton;Oregon;United States;SuperiorHardwareDistributors@gmail.com
91;Value Added Reseller;Scooters and Bikes Store;Beaverton;Oregon;United States;ScootersandBikesStore@gmail.com
604;Specialty Bike Shop;Sellers of Cycles;Clackamas;Oregon;United States;SellersofCycles@gmail.com
181;Warehouse;Family Entertainment Center;Clackamas;Oregon;United States;FamilyEntertainmentCenter@gmail.com
693;Warehouse;Stock Parts and Supplies;Hillsboro;Oregon;United States;StockPartsandSupplies@gmail.com
163;Warehouse;Sports Merchandise;Klamath Falls;Oregon;United States;SportsMerchandise@gmail.com
55;Value Added Reseller;Kickstands and Accessories Company;Medford;Oregon;United States;KickstandsandAccessoriesCompany@gmail.com
451;Warehouse;Roadway Bike Emporium;Medford;Oregon;United States;RoadwayBikeEmporium@gmail.com
182;Value Added Reseller;Another Bicycle Company;Milwaukie;Oregon;United States;AnotherBicycleCompany@gmail.com
56;Specialty Bike Shop;Latest Accessories Sales;Portland;Oregon;United States;LatestAccessoriesSales@gmail.com
74;Specialty Bike Shop;Parcel Express Delivery Service;Portland;Oregon;United States;ParcelExpressDeliveryService@gmail.com
379;Value Added Reseller;Fad Outlet;Portland;Oregon;United States;FadOutlet@gmail.com
487;Warehouse;Bike Experts;Salem;Oregon;United States;BikeExperts@gmail.com
644;Warehouse;Convenient Sales and Service;Springfield;Oregon;United States;ConvenientSalesandService@gmail.com
692;Specialty Bike Shop;Successful Sales Company;Tigard;Oregon;United States;SuccessfulSalesCompany@gmail.com
164;Value Added Reseller;Suburban Cycle Shop;Troutdale;Oregon;United States;SuburbanCycleShop@gmail.com
162;Specialty Bike Shop;Tire Company;Warwick;Rhode Island;United States;TireCompany@gmail.com
35;Specialty Bike Shop;Economic Parts Supply;West Kingston;Rhode Island;United States;EconomicPartsSupply@gmail.com
521;Value Added Reseller;Mobile Outlet;Woonsocket;Rhode Island;United States;MobileOutlet@gmail.com
548;Warehouse;New Bikes Company;Bluffton;South Carolina;United States;NewBikesCompany@gmail.com
422;Specialty Bike Shop;Consolidated Sales;Gaffney;South Carolina;United States;ConsolidatedSales@gmail.com
386;Specialty Bike Shop;Touring Services;Myrtle Beach;South Carolina;United States;TouringServices@gmail.com
454;Warehouse;Sleek Bikes;Denby;South Dakota;United States;SleekBikes@gmail.com
22;Value Added Reseller;Travel Systems;North Sioux City;South Dakota;United States;TravelSystems@gmail.com
404;Specialty Bike Shop;Activity Center;Crossville;Tennessee;United States;ActivityCenter@gmail.com
333;Warehouse;Resident Cycle Shop;Hixson;Tennessee;United States;ResidentCycleShop@gmail.com
405;Warehouse;Sporting Goods and Bicycle Shop;Kingsport;Tennessee;United States;SportingGoodsandBicycleShop@gmail.com
45;Warehouse;Every Bike Shop;La Vergne;Tennessee;United States;EveryBikeShop@gmail.com
602;Warehouse;Ultimate Bike Shop;Maryville;Tennessee;United States;UltimateBikeShop@gmail.com
135;Specialty Bike Shop;Wonderful Bikes Inc.;Memphis;Tennessee;United States;WonderfulBikesInc.@gmail.com
170;Value Added Reseller;Excellent Riding Supplies;Memphis;Tennessee;United States;ExcellentRidingSupplies@gmail.com
279;Value Added Reseller;Reliable Brake Systems;Memphis;Tennessee;United States;ReliableBrakeSystems@gmail.com
585;Value Added Reseller;Next-Door Bike Store;Memphis;Tennessee;United States;Next-DoorBikeStore@gmail.com
134;Value Added Reseller;Budget Bike Company;Millington;Tennessee;United States;BudgetBikeCompany@gmail.com
27;Warehouse;Sports Sales and Rental;Millington;Tennessee;United States;SportsSalesandRental@gmail.com
9;Warehouse;Tandem Bicycle Store;Millington;Tennessee;United States;TandemBicycleStore@gmail.com
62;Specialty Bike Shop;Manufacturers Inc;Nashville;Tennessee;United States;ManufacturersInc@gmail.com
512;Value Added Reseller;Tiny Bike Boutique;Nashville;Tennessee;United States;TinyBikeBoutique@gmail.com
350;Specialty Bike Shop;Mountain Emporium;Nashville;Tennessee;United States;MountainEmporium@gmail.com
567;Value Added Reseller;Global Plaza;Pigeon Forge;Tennessee;United States;GlobalPlaza@gmail.com
647;Warehouse;Solid Bike Parts;Arlington;Texas;United States;SolidBikeParts@gmail.com
4;Value Added Reseller;Modular Cycle Systems;Austin;Texas;United States;ModularCycleSystems@gmail.com
291;Value Added Reseller;Grand Bicycle Stores;Baytown;Texas;United States;GrandBicycleStores@gmail.com
184;Warehouse;Go-cart and Bike Specialists;Carrollton;Texas;United States;Go-cartandBikeSpecialists@gmail.com
489;Specialty Bike Shop;Cash & Carry Bikes;Cedar Park;Texas;United States;Cash&CarryBikes@gmail.com
436;Value Added Reseller;Sheet Metal Manufacturing;College Station;Texas;United States;SheetMetalManufacturing@gmail.com
435;Warehouse;Satin Finish Company;Corpus Christi;Texas;United States;SatinFinishCompany@gmail.com
201;Specialty Bike Shop;Unsurpassed Bikes;Dallas;Texas;United States;UnsurpassedBikes@gmail.com
165;Specialty Bike Shop;Third Bike Store;Dallas;Texas;United States;ThirdBikeStore@gmail.com
256;Specialty Bike Shop;Rental Bikes;Dallas;Texas;United States;RentalBikes@gmail.com
130;Warehouse;Elite Bikes;Dallas;Texas;United States;EliteBikes@gmail.com
112;Warehouse;Town Industries;Dallas;Texas;United States;TownIndustries@gmail.com
94;Value Added Reseller;Specialty Sports Store;Fort Worth;Texas;United States;SpecialtySportsStore@gmail.com
75;Warehouse;Paint Supply;Garland;Texas;United States;PaintSupply@gmail.com
166;Warehouse;Fitness Toy Store;Garland;Texas;United States;FitnessToyStore@gmail.com
508;Warehouse;Designer Department Stores;Hillsboro;Texas;United States;DesignerDepartmentStores@gmail.com
292;Specialty Bike Shop;Grease and Oil Products Company;Houston;Texas;United States;GreaseandOilProductsCompany@gmail.com
309;Value Added Reseller;The Gear Store;Houston;Texas;United States;TheGearStore@gmail.com
255;Value Added Reseller;Swift Cycles;Houston;Texas;United States;SwiftCycles@gmail.com
597;Value Added Reseller;All Seasons Sports Supply;Houston;Texas;United States;AllSeasonsSportsSupply@gmail.com
345;Warehouse;Genial Bike Associates;Humble;Texas;United States;GenialBikeAssociates@gmail.com
3;Warehouse;Advanced Bike Components;Irving;Texas;United States;AdvancedBikeComponents@gmail.com
21;Warehouse;Chic Department Stores;Irving;Texas;United States;ChicDepartmentStores@gmail.com
399;Warehouse;Big Cycle Mall;Killeen;Texas;United States;BigCycleMall@gmail.com
607;Specialty Bike Shop;Maintenance and Repair for Bicycles;La Marque;Texas;United States;MaintenanceandRepairforBicycles@gmail.com
40;Value Added Reseller;Journey Sporting Goods;Laredo;Texas;United States;JourneySportingGoods@gmail.com
490;Warehouse;Extraordinary Bike Works;Mesquite;Texas;United States;ExtraordinaryBikeWorks@gmail.com
202;Warehouse;Two-Seater Bikes;Plano;Texas;United States;Two-SeaterBikes@gmail.com
273;Value Added Reseller;A Typical Bike Shop;Round Rock;Texas;United States;ATypicalBikeShop@gmail.com
93;Warehouse;Stationary Bikes and Stands;Round Rock;Texas;United States;StationaryBikesandStands@gmail.com
471;Specialty Bike Shop;Social Activities Club;San Antonio;Texas;United States;SocialActivitiesClub@gmail.com
580;Specialty Bike Shop;Rural Sales and Service;San Antonio;Texas;United States;RuralSalesandService@gmail.com
382;Value Added Reseller;Beneficial Exercises and Activities;San Antonio;Texas;United States;BeneficialExercisesandActivities@gmail.com
417;Warehouse;Genuine Bike Shop;San Antonio;Texas;United States;GenuineBikeShop@gmail.com
328;Value Added Reseller;Totes & Baskets Company;San Antonio;Texas;United States;Totes&BasketsCompany@gmail.com
671;Specialty Bike Shop;Contoso, Ltd.;San Antonio;Texas;United States;Contoso,Ltd.@gmail.com
507;Specialty Bike Shop;Global Sporting Goods;Stafford;Texas;United States;GlobalSportingGoods@gmail.com
561;Value Added Reseller;Mountain Toy Store;Sugar Land;Texas;United States;MountainToyStore@gmail.com
673;Value Added Reseller;Countryside Company;Bountiful;Utah;United States;CountrysideCompany@gmail.com
698;Specialty Bike Shop;Western Bike Supplies;Cedar City;Utah;United States;WesternBikeSupplies@gmail.com
672;Warehouse;Utilitarian Sporting Goods;Ogden;Utah;United States;UtilitarianSportingGoods@gmail.com
293;Warehouse;Fashionable Bikes and Accessories;Park City;Utah;United States;FashionableBikesandAccessories@gmail.com
696;Warehouse;Roadway Supplies;Riverton;Utah;United States;RoadwaySupplies@gmail.com
43;Value Added Reseller;Frugal Bike Shop;Salt Lake City;Utah;United States;FrugalBikeShop@gmail.com
7;Value Added Reseller;Associated Bikes;Salt Lake City;Utah;United States;AssociatedBikes@gmail.com
601;Specialty Bike Shop;Transport Bikes;Sandy;Utah;United States;TransportBikes@gmail.com
697;Value Added Reseller;Brakes and Gears;Tooele;Utah;United States;BrakesandGears@gmail.com
90;Warehouse;Sales and Supply Company;Chantilly;Virginia;United States;SalesandSupplyCompany@gmail.com
467;Value Added Reseller;The Cycle Store;Falls Church;Virginia;United States;TheCycleStore@gmail.com
485;Value Added Reseller;Clamps & Brackets Co.;Leesburg;Virginia;United States;Clamps&BracketsCo.@gmail.com
17;Specialty Bike Shop;Trusted Catalog Store;Newport News;Virginia;United States;TrustedCatalogStore@gmail.com
449;Value Added Reseller;Bike Products and Accessories;Virginia Beach;Virginia;United States;BikeProductsandAccessories@gmail.com
254;Warehouse;Safe Cycles Shop;Bellevue;Washington;United States;SafeCyclesShop@gmail.com
290;Warehouse;Friendly Bike Shop;Bellingham;Washington;United States;FriendlyBikeShop@gmail.com
621;Value Added Reseller;Running and Cycling Gear;Bellingham;Washington;United States;RunningandCyclingGear@gmail.com
325;Specialty Bike Shop;All Cycle Shop;Bothell;Washington;United States;AllCycleShop@gmail.com
19;Value Added Reseller;Center Cycle Shop;Bothell;Washington;United States;CenterCycleShop@gmail.com
469;Warehouse;Vast Bike Sales and Rental;Chehalis;Washington;United States;VastBikeSalesandRental@gmail.com
343;Value Added Reseller;Mail-Order Outlet;Ellensburg;Washington;United States;Mail-OrderOutlet@gmail.com
344;Specialty Bike Shop;Fifth Bike Store;Everett;Washington;United States;FifthBikeStore@gmail.com
308;Warehouse;Rugged Bikes;Everett;Washington;United States;RuggedBikes@gmail.com
596;Warehouse;Coho Sports;Everett;Washington;United States;CohoSports@gmail.com
669;Warehouse;Racing Bike Outlet;Federal Way;Washington;United States;RacingBikeOutlet@gmail.com
109;Value Added Reseller;Travel Sports;Issaquah;Washington;United States;TravelSports@gmail.com
505;Warehouse;Honest Repair Service;Kelso;Washington;United States;HonestRepairService@gmail.com
668;Specialty Bike Shop;Official Parts Shop;Kelso;Washington;United States;OfficialPartsShop@gmail.com
470;Value Added Reseller;Wingtip Toys;Kennewick;Washington;United States;WingtipToys@gmail.com
326;Warehouse;Year-Round Sports;Kent;Washington;United States;Year-RoundSports@gmail.com
20;Specialty Bike Shop;Central Discount Store;Kent;Washington;United States;CentralDiscountStore@gmail.com
542;Value Added Reseller;Finer Parts Shop;Kirkland;Washington;United States;FinerPartsShop@gmail.com
433;Value Added Reseller;Thorough Parts and Repair Services;Lacey;Washington;United States;ThoroughPartsandRepairServices@gmail.com
218;Value Added Reseller;Sure & Reliable Sporting Goods;Longview;Washington;United States;Sure&ReliableSportingGoods@gmail.com
235;Specialty Bike Shop;Certified Bicycle Supply;Lynnwood;Washington;United States;CertifiedBicycleSupply@gmail.com
73;Value Added Reseller;Outdoor Sports Supply;North Bend;Washington;United States;OutdoorSportsSupply@gmail.com
200;Value Added Reseller;Basic Bike Company;Port Orchard;Washington;United States;BasicBikeCompany@gmail.com
253;Specialty Bike Shop;Roving Sports;Puyallup;Washington;United States;RovingSports@gmail.com
37;Value Added Reseller;Two Bike Shops;Puyallup;Washington;United States;TwoBikeShops@gmail.com
307;Specialty Bike Shop;Riding Associates;Puyallup;Washington;United States;RidingAssociates@gmail.com
578;Warehouse;The Bike Shop;Puyallup;Washington;United States;TheBikeShop@gmail.com
127;Warehouse;Front Sporting Goods;Redmond;Washington;United States;FrontSportingGoods@gmail.com
145;Warehouse;Raw Materials Inc;Redmond;Washington;United States;RawMaterialsInc@gmail.com
2;Specialty Bike Shop;Progressive Sports;Renton;Washington;United States;ProgressiveSports@gmail.com
289;Specialty Bike Shop;Moderately-Priced Bikes Store;Renton;Washington;United States;Moderately-PricedBikesStore@gmail.com
199;Warehouse;Authorized Bike Sales and Rental;Renton;Washington;United States;AuthorizedBikeSalesandRental@gmail.com
236;Warehouse;Closeout Boutique;Seattle;Washington;United States;CloseoutBoutique@gmail.com
1;Value Added Reseller;A Bike Store;Seattle;Washington;United States;ABikeStore@gmail.com
146;Value Added Reseller;Latest Sports Equipment;Seattle;Washington;United States;LatestSportsEquipment@gmail.com
397;Value Added Reseller;Capable Sales and Service;Seattle;Washington;United States;CapableSalesandService@gmail.com
361;Value Added Reseller;Fitness Supplies;Sequim;Washington;United States;FitnessSupplies@gmail.com
217;Warehouse;City Manufacturing;Shelton;Washington;United States;CityManufacturing@gmail.com
362;Specialty Bike Shop;Grand Cycle Store;Spokane;Washington;United States;GrandCycleStore@gmail.com
415;Value Added Reseller;Imaginary Toys;Spokane;Washington;United States;ImaginaryToys@gmail.com
605;Warehouse;Outstanding Cycles;Spokane;Washington;United States;OutstandingCycles@gmail.com
577;Specialty Bike Shop;Synthetic Materials Manufacturing;Tacoma;Washington;United States;SyntheticMaterialsManufacturing@gmail.com
272;Warehouse;Metro Cycle Shop;Tacoma;Washington;United States;MetroCycleShop@gmail.com
416;Specialty Bike Shop;Impromptu Trips;Union Gap;Washington;United States;ImpromptuTrips@gmail.com
271;Specialty Bike Shop;Alternative Vehicles;Washougal;Washington;United States;AlternativeVehicles@gmail.com
128;Value Added Reseller;Demand Distributors;Wenatchee;Washington;United States;DemandDistributors@gmail.com
92;Specialty Bike Shop;Sports Commodities;Woodinville;Washington;United States;SportsCommodities@gmail.com
543;Specialty Bike Shop;Friendly Neighborhood Bikes;Johnson Creek;Wisconsin;United States;FriendlyNeighborhoodBikes@gmail.com
453;Specialty Bike Shop;Unique Bikes;Milwaukee;Wisconsin;United States;UniqueBikes@gmail.com
606;Value Added Reseller;Little Bicycle Supply Shop;Mosinee;Wisconsin;United States;LittleBicycleSupplyShop@gmail.com
418;Value Added Reseller;Good Bike Shop;Racine;Wisconsin;United States;GoodBikeShop@gmail.com
506;Value Added Reseller;Great Bikes;Casper;Wyoming;United States;GreatBikes@gmail.com
559;Specialty Bike Shop;Some Discount Store;Cheyenne;Wyoming;United States;SomeDiscountStore@gmail.com
380;Specialty Bike Shop;First Department Stores;Cheyenne;Wyoming;United States;FirstDepartmentStores@gmail.com
620;Warehouse;Tires and Tubes;Cheyenne;Wyoming;United States;TiresandTubes@gmail.com
560;Warehouse;Major Sport Suppliers;Rock Springs;Wyoming;United States;MajorSportSuppliers@gmail.com
105;Warehouse;Volume Bike Sellers;Alexandria;New South Wales;Australia;VolumeBikeSellers@gmail.com
658;Value Added Reseller;Mass Market Bikes;Alexandria;New South Wales;Australia;MassMarketBikes@gmail.com
555;Value Added Reseller;Twin Cycles;Darlinghurst;New South Wales;Australia;TwinCycles@gmail.com
87;Warehouse;Rich Department Store;Lane Cove;New South Wales;Australia;RichDepartmentStore@gmail.com
141;Specialty Bike Shop;Rental Gallery;Lavender Bay;New South Wales;Australia;RentalGallery@gmail.com
15;Warehouse;Budget Toy Store;Lavender Bay;New South Wales;Australia;BudgetToyStore@gmail.com
33;Warehouse;Global Sports Outlet;Lavender Bay;New South Wales;Australia;GlobalSportsOutlet@gmail.com
69;Warehouse;Online Bike Catalog;Lavender Bay;New South Wales;Australia;OnlineBikeCatalog@gmail.com
231;Value Added Reseller;Helmets and Cycles;Lavender Bay;New South Wales;Australia;HelmetsandCycles@gmail.com
501;Specialty Bike Shop;Jumbo Bikes;Malabar;New South Wales;Australia;JumboBikes@gmail.com
321;Value Added Reseller;Second Bike Shop;Matraville;New South Wales;Australia;SecondBikeShop@gmail.com
339;Warehouse;Major Bicycle Store;Matraville;New South Wales;Australia;MajorBicycleStore@gmail.com
616;Specialty Bike Shop;Eastward Bike Accessories;Matraville;New South Wales;Australia;EastwardBikeAccessories@gmail.com
393;Warehouse;Gears and Parts Company;Milsons Point;New South Wales;Australia;GearsandPartsCompany@gmail.com
682;Value Added Reseller;Popular Bike Lines;Newcastle;New South Wales;Australia;PopularBikeLines@gmail.com
285;Value Added Reseller;Nearest Bike Store;North Ryde;New South Wales;Australia;NearestBikeStore@gmail.com
159;Specialty Bike Shop;Uncompromising Quality Co;North Ryde;New South Wales;Australia;UncompromisingQualityCo@gmail.com
123;Specialty Bike Shop;First Supplies;North Ryde;New South Wales;Australia;FirstSupplies@gmail.com
195;Specialty Bike Shop;Inexpensive Parts Shop;North Sydney;New South Wales;Australia;InexpensivePartsShop@gmail.com
411;Warehouse;Kids and Adults Cycle Shop;North Sydney;New South Wales;Australia;KidsandAdultsCycleShop@gmail.com
303;Value Added Reseller;Seaside Bike Works;North Sydney;New South Wales;Australia;SeasideBikeWorks@gmail.com
483;Specialty Bike Shop;Fitness Bike Accessories;Rhodes;New South Wales;Australia;FitnessBikeAccessories@gmail.com
573;Value Added Reseller;Nationwide Supply;Rhodes;New South Wales;Australia;NationwideSupply@gmail.com
537;Specialty Bike Shop;Preferable Bikes;Rhodes;New South Wales;Australia;PreferableBikes@gmail.com
634;Specialty Bike Shop;Sensible Sports;Rhodes;New South Wales;Australia;SensibleSports@gmail.com
429;Warehouse;Unusual Bicycle Company;Silverwater;New South Wales;Australia;UnusualBicycleCompany@gmail.com
447;Specialty Bike Shop;Cross-town Parts Shop;Springwood;New South Wales;Australia;Cross-townPartsShop@gmail.com
465;Specialty Bike Shop;Expert Cycle Store;St. Leonards;New South Wales;Australia;ExpertCycleStore@gmail.com
688;Value Added Reseller;Bike Part Wholesalers;Sydney;New South Wales;Australia;BikePartWholesalers@gmail.com
375;Warehouse;Region Bike Company;East Brisbane;Queensland;Australia;RegionBikeCompany@gmail.com
177;Specialty Bike Shop;Plastic Products Manufacturers;Hawthorne;Queensland;Australia;PlasticProductsManufacturers@gmail.com
51;Warehouse;Ideal Components;Cloverdale;South Australia;Australia;IdealComponents@gmail.com
357;Warehouse;Quality Bike Sales;Findon;South Australia;Australia;QualityBikeSales@gmail.com
640;Specialty Bike Shop;Liquidation Sales;Perth;South Australia;Australia;LiquidationSales@gmail.com
591;Value Added Reseller;Fitness Discount Store;Melbourne;Victoria;Australia;FitnessDiscountStore@gmail.com
664;Value Added Reseller;Eastside Cycle Shop;Melbourne;Victoria;Australia;EastsideCycleShop@gmail.com
519;Specialty Bike Shop;List Price Catalog Company;Melbourne;Victoria;Australia;ListPriceCatalogCompany@gmail.com
267;Value Added Reseller;Cycle Parts and Accessories;Melbourne;Victoria;Australia;CyclePartsandAccessories@gmail.com
249;Value Added Reseller;Helpful Sales and Repair Service;Seaford;Victoria;Australia;HelpfulSalesandRepairService@gmail.com
213;Specialty Bike Shop;Fast Bike Works;South Melbourne;Victoria;Australia;FastBikeWorks@gmail.com
190;Warehouse;Racing Partners;Calgary;Alberta;Canada;RacingPartners@gmail.com
262;Specialty Bike Shop;General Industries;Calgary;Alberta;Canada;GeneralIndustries@gmail.com
46;Value Added Reseller;Gear-Shift Bikes Limited;Calgary;Alberta;Canada;Gear-ShiftBikesLimited@gmail.com
136;Warehouse;Wholesale Parts;Calgary;Alberta;Canada;WholesaleParts@gmail.com
137;Value Added Reseller;Transportation Options;Calgary;Alberta;Canada;TransportationOptions@gmail.com
444;Specialty Bike Shop;Finer Cycle Shop;Calgary;Alberta;Canada;FinerCycleShop@gmail.com
354;Warehouse;Serious Cycles;Calgary;Alberta;Canada;SeriousCycles@gmail.com
370;Value Added Reseller;Acceptable Sales & Service;Calgary;Alberta;Canada;AcceptableSales&Service@gmail.com
661;Value Added Reseller;General Department Stores;Calgary;Alberta;Canada;GeneralDepartmentStores@gmail.com
701;Warehouse;Future Bikes;Calgary;Alberta;Canada;FutureBikes@gmail.com
629;Warehouse;Efficient Cycling;Calgary;Alberta;Canada;EfficientCycling@gmail.com
352;Value Added Reseller;Twelfth Bike Store;Edmonton;Alberta;Canada;TwelfthBikeStore@gmail.com
496;Warehouse;Top Sports Supply;Edmonton;Alberta;Canada;TopSportsSupply@gmail.com
10;Value Added Reseller;Rural Cycle Emporium;Burnaby;British Columbia;Canada;RuralCycleEmporium@gmail.com
317;Warehouse;Finer Riding Supplies;Burnaby;British Columbia;Canada;FinerRidingSupplies@gmail.com
263;Warehouse;Farthest Bike Store;Burnaby;British Columbia;Canada;FarthestBikeStore@gmail.com
588;Value Added Reseller;General Cycle Storehouse;Burnaby;British Columbia;Canada;GeneralCycleStorehouse@gmail.com
66;Warehouse;Neighborhood Store;Burnaby;British Columbia;Canada;NeighborhoodStore@gmail.com
172;Warehouse;Certified Sports Supply;Richmond;British Columbia;Canada;CertifiedSportsSupply@gmail.com
408;Warehouse;Odometers and Accessories Company;Richmond;British Columbia;Canada;OdometersandAccessoriesCompany@gmail.com
497;Value Added Reseller;Valley Toy Store;Richmond;British Columbia;Canada;ValleyToyStore@gmail.com
478;Warehouse;Major Cycling;Richmond;British Columbia;Canada;MajorCycling@gmail.com
462;Specialty Bike Shop;General Riding Supplies;Richmond;British Columbia;Canada;GeneralRidingSupplies@gmail.com
514;Warehouse;Retail Mall;Richmond;British Columbia;Canada;RetailMall@gmail.com
371;Specialty Bike Shop;Custom Sales and Service;Surrey;British Columbia;Canada;CustomSalesandService@gmail.com
389;Specialty Bike Shop;Sixth Bike Store;Surrey;British Columbia;Canada;SixthBikeStore@gmail.com
174;Specialty Bike Shop;Toy Manufacturing Inc;Surrey;British Columbia;Canada;ToyManufacturingInc@gmail.com
173;Value Added Reseller;Sundry Sporting Goods;Vancouver;British Columbia;Canada;SundrySportingGoods@gmail.com
154;Warehouse;Camping and Sports Store;Vancouver;British Columbia;Canada;CampingandSportsStore@gmail.com
138;Specialty Bike Shop;South Bike Company;Vancouver;British Columbia;Canada;SouthBikeCompany@gmail.com
82;Value Added Reseller;Refined Department Stores;Vancouver;British Columbia;Canada;RefinedDepartmentStores@gmail.com
388;Value Added Reseller;Road Way Sales and Rental;Vancouver;British Columbia;Canada;RoadWaySalesandRental@gmail.com
318;Value Added Reseller;First-Rate Outlet;Victoria;British Columbia;Canada;First-RateOutlet@gmail.com
298;Specialty Bike Shop;City Cycling;Winnipeg;Manitoba;Canada;CityCycling@gmail.com
353;Specialty Bike Shop;Two-Wheeled Transit Company;Winnipeg;Manitoba;Canada;Two-WheeledTransitCompany@gmail.com
299;Warehouse;Citywide Service and Repair;Saint John;Brunswick;Canada;CitywideServiceandRepair@gmail.com
654;Value Added Reseller;Online Bike Warehouse;Aurora;Ontario;Canada;OnlineBikeWarehouse@gmail.com
280;Specialty Bike Shop;Standard Bikes;Barrie;Ontario;Canada;StandardBikes@gmail.com
426;Warehouse;Custom Accessories Company;Brampton;Ontario;Canada;CustomAccessoriesCompany@gmail.com
29;Specialty Bike Shop;Cross-Country Riding Supplies;Chalk Riber;Ontario;Canada;Cross-CountryRidingSupplies@gmail.com
84;Warehouse;Rewarding Activities Company;Etobicoke;Ontario;Canada;RewardingActivitiesCompany@gmail.com
425;Specialty Bike Shop;Bikes for Kids and Adults;Etobicoke;Ontario;Canada;BikesforKidsandAdults@gmail.com
532;Warehouse;The Showroom;Kanata;Ontario;Canada;TheShowroom@gmail.com
516;Specialty Bike Shop;Seats and Saddles Company;Kingston;Ontario;Canada;SeatsandSaddlesCompany@gmail.com
372;Warehouse;Top Bike Market;Kingston;Ontario;Canada;TopBikeMarket@gmail.com
100;Value Added Reseller;Up-To-Date Sports;Markham;Ontario;Canada;Up-To-DateSports@gmail.com
335;Specialty Bike Shop;Scratch-Resistant Finishes Company;Mississauga;Ontario;Canada;Scratch-ResistantFinishesCompany@gmail.com
316;Specialty Bike Shop;Low Price Cycles;Mississauga;Ontario;Canada;LowPriceCycles@gmail.com
534;Specialty Bike Shop;Recommended Bicycles;Mississauga;Ontario;Canada;RecommendedBicycles@gmail.com
461;Value Added Reseller;Active Life Toys;Mississauga;Ontario;Canada;ActiveLifeToys@gmail.com
480;Specialty Bike Shop;General Bike Corporation;Mississauga;Ontario;Canada;GeneralBikeCorporation@gmail.com
498;Specialty Bike Shop;Quick Delivery Service;Mississauga;Ontario;Canada;QuickDeliveryService@gmail.com
569;Warehouse;Designated Distributors;Nepean;Ontario;Canada;DesignatedDistributors@gmail.com
515;Value Added Reseller;Rural Bicycle Supply;North York;Ontario;Canada;RuralBicycleSupply@gmail.com
228;Value Added Reseller;Home Town Bike Store;Ottawa;Ontario;Canada;HomeTownBikeStore@gmail.com
83;Specialty Bike Shop;Requisite Part Supply;Ottawa;Ontario;Canada;RequisitePartSupply@gmail.com
526;Warehouse;Finer Sales and Service;Ottawa;Ontario;Canada;FinerSalesandService@gmail.com
677;Specialty Bike Shop;Tire Exchange;Ottawa;Ontario;Canada;TireExchange@gmail.com
587;Warehouse;Our Sporting Goods Store;Ottawa;Ontario;Canada;OurSportingGoodsStore@gmail.com
300;Value Added Reseller;Nice Bikes;Ottawa;Ontario;Canada;NiceBikes@gmail.com
424;Value Added Reseller;Bikes for Two;Richmond Hill;Ontario;Canada;BikesforTwo@gmail.com
443;Value Added Reseller;Courteous Bicycle Specialists;Richmond Hill;Ontario;Canada;CourteousBicycleSpecialists@gmail.com
209;Value Added Reseller;Purple Bicycle Company;Scarborough;Ontario;Canada;PurpleBicycleCompany@gmail.com
653;Warehouse;Mercantile Outlet;Toronto;Ontario;Canada;MercantileOutlet@gmail.com
630;Value Added Reseller;Eastside Parts Shop;Toronto;Ontario;Canada;EastsidePartsShop@gmail.com
631;Specialty Bike Shop;Tandem Sales and Service;Toronto;Ontario;Canada;TandemSalesandService@gmail.com
637;Specialty Bike Shop;Reliable Retail Center;Toronto;Ontario;Canada;ReliableRetailCenter@gmail.com
678;Warehouse;Vigorous Exercise Company;Toronto;Ontario;Canada;VigorousExerciseCompany@gmail.com
210;Specialty Bike Shop;Gasless Cycle Shop;Toronto;Ontario;Canada;GaslessCycleShop@gmail.com
227;Warehouse;Health Spa, Limited;Toronto;Ontario;Canada;HealthSpa,Limited@gmail.com
264;Value Added Reseller;Fasteners & Bolts Outlet;Toronto;Ontario;Canada;Fasteners&BoltsOutlet@gmail.com
442;Warehouse;Original Bicycle Supply Company;Toronto;Ontario;Canada;OriginalBicycleSupplyCompany@gmail.com
568;Specialty Bike Shop;Economy Center;Toronto;Ontario;Canada;EconomyCenter@gmail.com
551;Warehouse;Vinyl and Plastic Goods Corporation;Toronto;Ontario;Canada;VinylandPlasticGoodsCorporation@gmail.com
552;Value Added Reseller;Consolidated Messenger;Toronto;Ontario;Canada;ConsolidatedMessenger@gmail.com
28;Value Added Reseller;Commuter Bicycle Store;Toronto;Ontario;Canada;CommuterBicycleStore@gmail.com
64;Value Added Reseller;Metal Clearing House;Toronto;Ontario;Canada;MetalClearingHouse@gmail.com
47;Specialty Bike Shop;Greater Bike Store;Toronto;Ontario;Canada;GreaterBikeStore@gmail.com
11;Specialty Bike Shop;Sharp Bikes;Toronto;Ontario;Canada;SharpBikes@gmail.com
12;Warehouse;Bikes and Motorbikes;Toronto;Ontario;Canada;BikesandMotorbikes@gmail.com
101;Specialty Bike Shop;Urban Sports Emporium;Toronto;Ontario;Canada;UrbanSportsEmporium@gmail.com
102;Warehouse;National Manufacturing;Toronto;Ontario;Canada;NationalManufacturing@gmail.com
118;Warehouse;Rapid Bikes;Toronto;Ontario;Canada;RapidBikes@gmail.com
208;Warehouse;Professional Cyclists;Toronto;Ontario;Canada;ProfessionalCyclists@gmail.com
191;Value Added Reseller;Non-Slip Pedal Company;Toronto;Ontario;Canada;Non-SlipPedalCompany@gmail.com
192;Specialty Bike Shop;Nuts and Bolts Mfg.;Toronto;Ontario;Canada;NutsandBoltsMfg.@gmail.com
155;Value Added Reseller;Corner Bicycle Supply;Toronto;Ontario;Canada;CornerBicycleSupply@gmail.com
613;Specialty Bike Shop;Famous Bike Shop;Vancouver;Ontario;Canada;FamousBikeShop@gmail.com
390;Warehouse;Plastic Parts Company;Waterloo;Ontario;Canada;PlasticPartsCompany@gmail.com
334;Value Added Reseller;Retreat Inn;Waterloo;Ontario;Canada;RetreatInn@gmail.com
65;Specialty Bike Shop;Metro Manufacturing;Weston;Ontario;Canada;MetroManufacturing@gmail.com
460;Warehouse;Price-Cutter Discount Bikes;Brossard;Quebec;Canada;Price-CutterDiscountBikes@gmail.com
245;Warehouse;Leather Seat Factory;Brossard;Quebec;Canada;LeatherSeatFactory@gmail.com
655;Value Added Reseller;Operational Manufacturing;Dorval;Quebec;Canada;OperationalManufacturing@gmail.com
226;Specialty Bike Shop;Leisure Activities;Hull;Quebec;Canada;LeisureActivities@gmail.com
679;Value Added Reseller;Superb Sales and Repair;Montreal;Quebec;Canada;SuperbSalesandRepair@gmail.com
120;Specialty Bike Shop;Machines & Cycles Store;Montreal;Quebec;Canada;Machines&CyclesStore@gmail.com
570;Value Added Reseller;Family's Favorite Bike Shop;Montreal;Quebec;Canada;Family'sFavoriteBikeShop@gmail.com
407;Specialty Bike Shop;Workout Emporium;Montreal;Quebec;Canada;WorkoutEmporium@gmail.com
48;Warehouse;Grand Industries;Montreal;Quebec;Canada;GrandIndustries@gmail.com
246;Value Added Reseller;Large Bike Shop;Montreal;Quebec;Canada;LargeBikeShop@gmail.com
281;Warehouse;Petroleum Products Distributors;Montreal;Quebec;Canada;PetroleumProductsDistributors@gmail.com
156;Specialty Bike Shop;Metal Processing Company;Montreal;Quebec;Canada;MetalProcessingCompany@gmail.com
586;Specialty Bike Shop;One Bike Company;Montreal;Quebec;Canada;OneBikeCompany@gmail.com
685;Value Added Reseller;Family Cycle Store;Montreal;Quebec;Canada;FamilyCycleStore@gmail.com
244;Specialty Bike Shop;Retail Discount Store;Montreal;Quebec;Canada;RetailDiscountStore@gmail.com
336;Warehouse;Primary Bike Distributors;Montreal;Quebec;Canada;PrimaryBikeDistributors@gmail.com
406;Value Added Reseller;The Commissary;Outremont;Quebec;Canada;TheCommissary@gmail.com
119;Value Added Reseller;Red Bicycle Company;Pnot-Rouge;Quebec;Canada;RedBicycleCompany@gmail.com
30;Warehouse;Cycle Merchants;Quebec;Quebec;Canada;CycleMerchants@gmail.com
550;Specialty Bike Shop;Remote Bicycle Specialists;Quebec;Quebec;Canada;RemoteBicycleSpecialists@gmail.com
282;Value Added Reseller;Quick Parts and Service;Sainte-Foy;Quebec;Canada;QuickPartsandService@gmail.com
533;Value Added Reseller;Tenth Bike Store;Sillery;Quebec;Canada;TenthBikeStore@gmail.com
479;Value Added Reseller;General Supplies;Ville De'anjou;Quebec;Canada;GeneralSupplies@gmail.com
50;Specialty Bike Shop;Hometown Riding Supplies;Berlin;Brandenburg;Germany;HometownRidingSupplies@gmail.com
482;Value Added Reseller;Fabrikam Inc., East;Eilenburg;Brandenburg;Germany;FabrikamInc.,East@gmail.com
633;Value Added Reseller;Rustic Bike Store;Augsburg;Bayern;Germany;RusticBikeStore@gmail.com
639;Value Added Reseller;Producer Goods Clearinghouse;Frankfurt;Bayern;Germany;ProducerGoodsClearinghouse@gmail.com
266;Warehouse;Excellent Bikes;Grevenbroich;Bayern;Germany;ExcellentBikes@gmail.com
230;Warehouse;Global Bike Retailers;Bad Soden;Hessen;Germany;GlobalBikeRetailers@gmail.com
122;Value Added Reseller;Off-Price Bike Center;Berlin;Hessen;Germany;Off-PriceBikeCenter@gmail.com
518;Value Added Reseller;Regional Cycle Shop;Berlin;Hessen;Germany;RegionalCycleShop@gmail.com
500;Value Added Reseller;Irregulars Outlet;Dresden;Hessen;Germany;IrregularsOutlet@gmail.com
104;Specialty Bike Shop;Very Best Sports Supply;Duesseldorf;Hessen;Germany;VeryBestSportsSupply@gmail.com
356;Specialty Bike Shop;Speedometer Sales;Hamburg;Hessen;Germany;SpeedometerSales@gmail.com
212;Value Added Reseller;Enterprise Center;Mnchen;Hessen;Germany;EnterpriseCenter@gmail.com
374;Specialty Bike Shop;Major Equipment Co;Salzgitter;Hessen;Germany;MajorEquipmentCo@gmail.com
657;Warehouse;Links Works;Ascheim;Hamburg;Germany;LinksWorks@gmail.com
663;Warehouse;Capital Riding Supplies;Augsburg;Hamburg;Germany;CapitalRidingSupplies@gmail.com
446;Value Added Reseller;Fitness Toys;Berlin;Hamburg;Germany;FitnessToys@gmail.com
140;Value Added Reseller;Teen Discount Store;Bonn;Hamburg;Germany;TeenDiscountStore@gmail.com
86;Specialty Bike Shop;Bicycle Exporters;Essen;Hamburg;Germany;BicycleExporters@gmail.com
320;Warehouse;Amalgamated Parts Shop;Frankfurt am Main;Hamburg;Germany;AmalgamatedPartsShop@gmail.com
392;Specialty Bike Shop;Primary Cycle Shop;Hamburg;Hamburg;Germany;PrimaryCycleShop@gmail.com
68;Specialty Bike Shop;North Bike Company;Muehlheim;Hamburg;Germany;NorthBikeCompany@gmail.com
194;Value Added Reseller;Mechanical Brake Manufacturers;Mnchen;Hamburg;Germany;MechanicalBrakeManufacturers@gmail.com
554;Warehouse;Top of the Line Bikes;Paderborn;Hamburg;Germany;TopoftheLineBikes@gmail.com
284;Warehouse;Nearby Bike Mall;Berlin;Nordrhein-Westfalen;Germany;NearbyBikeMall@gmail.com
158;Value Added Reseller;Rural Sporting Goods;Bonn;Nordrhein-Westfalen;Germany;RuralSportingGoods@gmail.com
572;Warehouse;Versatile Sporting Goods Company;Braunschweig;Nordrhein-Westfalen;Germany;VersatileSportingGoodsCompany@gmail.com
428;Specialty Bike Shop;West Wind Distributors;Hannover;Nordrhein-Westfalen;Germany;WestWindDistributors@gmail.com
615;Value Added Reseller;Fast Services;Leipzig;Nordrhein-Westfalen;Germany;FastServices@gmail.com
687;Warehouse;Functional Store South;Mnchen;Nordrhein-Westfalen;Germany;FunctionalStoreSouth@gmail.com
536;Value Added Reseller;Next Door Cycles;Berlin;Saarland;Germany;NextDoorCycles@gmail.com
14;Specialty Bike Shop;Bicycle Warehouse Inc.;Frankfurt am Main;Saarland;Germany;BicycleWarehouseInc.@gmail.com
410;Specialty Bike Shop;Pedaling Components;Kiel;Saarland;Germany;PedalingComponents@gmail.com
176;Value Added Reseller;Rodeway Bike Store;Mnster;Saarland;Germany;RodewayBikeStore@gmail.com
302;Warehouse;Best Cycle Store;Offenbach;Saarland;Germany;BestCycleStore@gmail.com
590;Warehouse;Lustrous Paints and Components;Poing;Saarland;Germany;LustrousPaintsandComponents@gmail.com
464;Value Added Reseller;Educational Services;Saarbrcken;Saarland;Germany;EducationalServices@gmail.com
338;Specialty Bike Shop;Rambling Tours;Stuttgart;Saarland;Germany;RamblingTours@gmail.com
32;Specialty Bike Shop;Precision Gears Inc.;Stuttgart;Saarland;Germany;PrecisionGearsInc.@gmail.com
248;Warehouse;Good Bicycle Store;Sulzbach Taunus;Saarland;Germany;GoodBicycleStore@gmail.com
681;Warehouse;Showcase for Cycles;Sulzbach Taunus;Saarland;Germany;ShowcaseforCycles@gmail.com
193;Warehouse;Perfect Toys;Colomiers;Garonne (Haute);France;PerfectToys@gmail.com
409;Value Added Reseller;Outdoor Toy Store;Aujan Mournede;Gers;France;OutdoorToyStore@gmail.com
481;Warehouse;Getaway Inn;Saint Ouen;Loir et Cher;France;GetawayInn@gmail.com
121;Warehouse;Metro Sports Equipment;Saint Ouen;Loir et Cher;France;MetroSportsEquipment@gmail.com
175;Warehouse;Registered Cycle Store;Orleans;Loiret;France;RegisteredCycleStore@gmail.com
499;Warehouse;Racing Sales and Service;Orleans;Loiret;France;RacingSalesandService@gmail.com
662;Specialty Bike Shop;Finer Sporting Goods;Croix;Nord;France;FinerSportingGoods@gmail.com
49;Value Added Reseller;Neighborhood Bicycle Storehouse;Roncq;Nord;France;NeighborhoodBicycleStorehouse@gmail.com
571;Specialty Bike Shop;Community Department Stores;Boulogne-sur-Mer;Pas de Calais;France;CommunityDepartmentStores@gmail.com
355;Value Added Reseller;Spare Parts Co.;Paris;Seine (Paris);France;SparePartsCo.@gmail.com
391;Value Added Reseller;Pretty Bikes and Toys;Paris;Seine (Paris);France;PrettyBikesandToys@gmail.com
656;Specialty Bike Shop;Impervious Paint Company;Paris;Seine (Paris);France;ImperviousPaintCompany@gmail.com
553;Specialty Bike Shop;Accessories Network;Paris;Seine (Paris);France;AccessoriesNetwork@gmail.com
589;Specialty Bike Shop;Hiatus Bike Tours;Paris;Seine (Paris);France;HiatusBikeTours@gmail.com
427;Value Added Reseller;Atypical Bike Company;Paris;Seine (Paris);France;AtypicalBikeCompany@gmail.com
638;Warehouse;Metropolitan Equipment;Paris;Seine (Paris);France;MetropolitanEquipment@gmail.com
31;Value Added Reseller;Wheels Inc.;Paris;Seine (Paris);France;WheelsInc.@gmail.com
265;Specialty Bike Shop;Full Sports Supply;Paris;Seine (Paris);France;FullSportsSupply@gmail.com
614;Warehouse;Favorite Toy Distributor;Paris;Seine (Paris);France;FavoriteToyDistributor@gmail.com
157;Warehouse;Ace Bicycle Supply;Paris;Seine (Paris);France;AceBicycleSupply@gmail.com
301;Specialty Bike Shop;Rural Mountain Bike Mart;Paris;Seine (Paris);France;RuralMountainBikeMart@gmail.com
211;Warehouse;Sports Products Store;Lieusaint;Seine et Marne;France;SportsProductsStore@gmail.com
283;Specialty Bike Shop;Racing Supply Distributors;Roissy en Brie;Seine et Marne;France;RacingSupplyDistributors@gmail.com
13;Value Added Reseller;Country Parts Shop;Les Ulis;Essonne;France;CountryPartsShop@gmail.com
373;Value Added Reseller;Township Inn;Les Ulis;Essonne;France;TownshipInn@gmail.com
517;Warehouse;Racing Store;Les Ulis;Essonne;France;RacingStore@gmail.com
463;Warehouse;Brand New Bikes;Les Ulis;Essonne;France;BrandNewBikes@gmail.com
632;Warehouse;Ultimate Bicycle Company;Morangis;Essonne;France;UltimateBicycleCompany@gmail.com
67;Value Added Reseller;Self-Contained Cycle Parts Company;Verrieres Le Buisson;Essonne;France;Self-ContainedCyclePartsCompany@gmail.com
139;Warehouse;Steel Inc.;Colombes;Hauts de Seine;France;SteelInc.@gmail.com
229;Specialty Bike Shop;Instant Cycle Store;Colombes;Hauts de Seine;France;InstantCycleStore@gmail.com
85;Value Added Reseller;Roadway Bicycle Supply;Courbevoie;Hauts de Seine;France;RoadwayBicycleSupply@gmail.com
337;Value Added Reseller;Recreation Toy Store;Paris La Defense;Hauts de Seine;France;RecreationToyStore@gmail.com
680;Specialty Bike Shop;Racing Tours;Svres;Hauts de Seine;France;RacingTours@gmail.com
686;Specialty Bike Shop;Finished Parts Shop;Suresnes;Hauts de Seine;France;FinishedPartsShop@gmail.com
319;Specialty Bike Shop;Cycles Sales and Repair;Bobigny;Seine Saint Denis;France;CyclesSalesandRepair@gmail.com
445;Warehouse;First Center;Pantin;Seine Saint Denis;France;FirstCenter@gmail.com
103;Value Added Reseller;The Bike Outlet;Pantin;Seine Saint Denis;France;TheBikeOutlet@gmail.com
247;Specialty Bike Shop;Major Amusement Company;Orly;Val de Marne;France;MajorAmusementCompany@gmail.com
535;Warehouse;Spa and Exercise Outfitters;Cergy;Val d'Oise;France;SpaandExerciseOutfitters@gmail.com
304;Specialty Bike Shop;Essential Bike Works;Abingdon;England;United Kingdom;EssentialBikeWorks@gmail.com
232;Specialty Bike Shop;Exceptional Cycle Services;Basingstoke Hants;England;United Kingdom;ExceptionalCycleServices@gmail.com
484;Warehouse;Downhill Bicycle Specialists;Berks;England;United Kingdom;DownhillBicycleSpecialists@gmail.com
376;Value Added Reseller;Commerce Bicycle Specialists;Berkshire;England;United Kingdom;CommerceBicycleSpecialists@gmail.com
412;Value Added Reseller;Leisure Clearing House;Birmingham;England;United Kingdom;LeisureClearingHouse@gmail.com
430;Value Added Reseller;Uttermost Bike Shop;Bracknell;England;United Kingdom;UttermostBikeShop@gmail.com
635;Warehouse;Sports Store;Cambridge;England;United Kingdom;SportsStore@gmail.com
52;Value Added Reseller;Instruments and Parts Company;Gloucestershire;England;United Kingdom;InstrumentsandPartsCompany@gmail.com
268;Specialty Bike Shop;Channel Outlet;High Wycombe;England;United Kingdom;ChannelOutlet@gmail.com
214;Warehouse;Exclusive Bicycle Mart;Lancaster;England;United Kingdom;ExclusiveBicycleMart@gmail.com
70;Value Added Reseller;Outdoor Aerobic Systems Company;London;England;United Kingdom;OutdoorAerobicSystemsCompany@gmail.com
538;Warehouse;Prosperous Tours;London;England;United Kingdom;ProsperousTours@gmail.com
574;Specialty Bike Shop;Area Sheet Metal Supply;London;England;United Kingdom;AreaSheetMetalSupply@gmail.com
16;Value Added Reseller;Bulk Discount Store;London;England;United Kingdom;BulkDiscountStore@gmail.com
659;Specialty Bike Shop;Shipping Specialists;London;England;United Kingdom;ShippingSpecialists@gmail.com
689;Specialty Bike Shop;Consumer Equipment;London;England;United Kingdom;ConsumerEquipment@gmail.com
250;Specialty Bike Shop;Express Bike Services;London;England;United Kingdom;ExpressBikeServices@gmail.com
592;Specialty Bike Shop;Cycling Goods;London;England;United Kingdom;CyclingGoods@gmail.com
641;Warehouse;Extended Tours;London;England;United Kingdom;ExtendedTours@gmail.com
520;Warehouse;Metro Metals Co.;London;England;United Kingdom;MetroMetalsCo.@gmail.com
502;Warehouse;Metropolitan Bicycle Supply;London;England;United Kingdom;MetropolitanBicycleSupply@gmail.com
665;Specialty Bike Shop;Authentic Sales and Service;London;England;United Kingdom;AuthenticSalesandService@gmail.com
556;Specialty Bike Shop;Variety Cycling;London;England;United Kingdom;VarietyCycling@gmail.com
683;Specialty Bike Shop;Oils and Fluids Warehouse;London;England;United Kingdom;OilsandFluidsWarehouse@gmail.com
466;Warehouse;Central Bicycle Specialists;Maidenhead;England;United Kingdom;CentralBicycleSpecialists@gmail.com
322;Specialty Bike Shop;Tachometers and Accessories;Milton Keynes;England;United Kingdom;TachometersandAccessories@gmail.com
196;Warehouse;Exhibition Showroom;Milton Keynes;England;United Kingdom;ExhibitionShowroom@gmail.com
88;Value Added Reseller;Closest Bicycle Store;Milton Keynes;England;United Kingdom;ClosestBicycleStore@gmail.com
617;Warehouse;Tubeless Tire Company;Oxford;England;United Kingdom;TubelessTireCompany@gmail.com
160;Warehouse;Vigorous Sports Store;Oxon;England;United Kingdom;VigorousSportsStore@gmail.com
286;Specialty Bike Shop;Number One Bike Co.;Reading;England;United Kingdom;NumberOneBikeCo.@gmail.com
142;Warehouse;Riding Cycles;Liverpool;England;United Kingdom;RidingCycles@gmail.com
124;Warehouse;Nearby Sporting Goods;W. York;England;United Kingdom;NearbySportingGoods@gmail.com
178;Warehouse;Rampart Amusement Company;W. York;England;United Kingdom;RampartAmusementCompany@gmail.com
34;Value Added Reseller;Cycles Wholesaler & Mfg.;Warrington;England;United Kingdom;CyclesWholesaler&Mfg.@gmail.com
340;Value Added Reseller;Nearby Cycle Shop;West Sussex;England;United Kingdom;NearbyCycleShop@gmail.com
106;Value Added Reseller;West Side Mart;Wokingham;England;United Kingdom;WestSideMart@gmail.com
448;Warehouse;Action Bicycle Specialists;Woolston;England;United Kingdom;ActionBicycleSpecialists@gmail.com
358;Value Added Reseller;Mail Market;York;England;United Kingdom;MailMarket@gmail.com
394;Value Added Reseller;Little Sports Center;York;England;United Kingdom;LittleSportsCenter@gmail.com
